Source:,L:\School\Fall 2023\ECEN307\Board Project\Thermometer\Thermometer.kicad_sch,,,,,,
Date:,11/30/2023 12:08,,,,,,
Tool:,Eeschema 7.0.7,,,,,,
Generator:,C:\Program Files\KiCad\7.0\bin\scripting\plugins/bom_csv_grouped_by_value.py,,,,,,
Component Count:,46,,,,,,
,,,,,,,
Collated Components:,,,,,,,
,,,,,,,
Item,Qty,Reference(s),Value,LibPart,Footprint,Datasheet,DNP
1,3,"C1, C2, C8",100nF,Device:C_Small,Capacitor_SMD:C_0805_2012Metric,~,
2,2,"C3, C4",15pF,Device:C_Small,Capacitor_SMD:C_0805_2012Metric,~,
3,3,"C5, C6, C7",10uF,Device:C_Small,Capacitor_SMD:C_0805_2012Metric,~,
4,1,D1,LED,Device:LED,LED_SMD:LED_0805_2012Metric,~,
5,1,J2,Conn_01x03,Connector_Generic:Conn_01x03,Connector_PinHeader_2.54mm:PinHeader_1x03_P2.54mm_Vertical,~,
6,1,P1,USB_C_Plug_USB2.0,Connector:USB_C_Plug_USB2.0,Connector_USB:USB_C_Receptacle_HRO_TYPE-C-31-M-12,https://www.usb.org/sites/default/files/documents/usb_type-c.zip,
7,4,"Q1, Q2, Q3, Q4",2SC4213,Transistor_BJT:2SC4213,Package_TO_SOT_SMD:SOT-323_SC-70,https://toshiba.semicon-storage.com/info/docget.jsp?did=19305&prodName=2SC4213,
8,2,"R1, R2",5.1K,Device:R,Resistor_SMD:R_0805_2012Metric,~,
9,3,"R3, R5, R19",10K,Device:R,Resistor_SMD:R_0805_2012Metric,~,
10,13,"R4, R8, R9, R10, R12, R13, R14, R15, R16, R20, R21, R22, R23",100,Device:R,Resistor_SMD:R_0805_2012Metric,~,
11,3,"R6, R7, R11",1K,Device:R,Resistor_SMD:R_0805_2012Metric,~,
12,2,"R17, R18",27.4,Device:R,Resistor_SMD:R_0805_2012Metric,~,
13,2,"SW1, SW2",SW_Push,Switch:SW_Push,Button_Switch_SMD:SW_SPST_CK_RS282G05A3,~,
14,1,U1,RP2040,MCU_RaspberryPi:RP2040,Package_DFN_QFN:QFN-56-1EP_7x7mm_P0.4mm_EP3.2x3.2mm,https://datasheets.raspberrypi.com/rp2040/rp2040-datasheet.pdf,
15,1,U2,AP1117-33,Regulator_Linear:AP1117-33,Package_TO_SOT_SMD:SOT-223-3_TabPin2,http://www.diodes.com/datasheets/AP1117.pdf,
16,1,U3,W25Q32JVSS,Memory_Flash:W25Q32JVSS,Package_SO:SOIC-8_5.23x5.23mm_P1.27mm,http://www.winbond.com/resource-files/w25q32jv%20revg%2003272018%20plus.pdf,
17,1,U5,CC56-12EWA,Display_Character:CC56-12EWA,Display_7Segment:CA56-12EWA,http://www.kingbrightusa.com/images/catalog/SPEC/CA56-12EWA.pdf,
18,1,U7,TMP36xS,Sensor_Temperature:TMP36xS,Package_SO:SOIC-8_3.9x4.9mm_P1.27mm,https://www.analog.com/media/en/technical-documentation/data-sheets/TMP35_36_37.pdf,
19,1,Y1,12MHz,Device:Crystal_GND24,Crystal:Crystal_SMD_SeikoEpson_FA238V-4Pin_3.2x2.5mm,~,
